{
    "0": {
        "title": "0",
        "exp": "NO_ERROR"
    },
    "B-rule_1": {
        "title": "KURAL-1",
        "exp": "Bağlaç olan da / de ayrı yazılır.",
        "color": "red"
    },
    "B-rule_2": {
        "title": "KURAL-2",
        "exp": "Bağlaç olan da / de ünlü uyumuna uymalıdır.",
        "color": "red"
    },
    "B-rule_3": {
        "title": "KURAL-3",
        "exp": "Ayrı yazılan da / de hiçbir zaman ta / te biçiminde yazılmaz.",
        "color": "red"
    },
    "B-rule_4": {
        "title": "KURAL-4",
        "exp": "Ya sözüyle birlikte kullanılan da her zaman ayrı yazılır.",
        "color": "red"
    },
    "B-rule_5": {
        "title": "KURAL-5",
        "exp": "Da / de bağlacını kendisinden önceki kelimeden kesme ile ayırmak yanlıştır.",
        "color": "red"
    },
    "B-rule_6": {
        "title": "KURAL-6",
        "exp": "Bulunma durumu eki getirildiği kelimeye bitişik yazılır.",
        "color": "red"
    },
    "B-rule_7": {
        "title": "KURAL-7",
        "exp": "Bağlaç olan ki her zaman ayrı yazılır.",
        "color": "navy"
    },
    "B-rule_8": {
        "title": "KURAL-8",
        "exp": "Birkaç örnekte ki bağlacı kalıplaşmış olduğu için bitişik yazılır: belki, çünkü, hâlbuki, mademki, meğerki, oysaki, sanki.",
        "color": "navy"
    },
    "B-rule_9": {
        "title": "KURAL-9",
        "exp": "Çift ünsüz harfle başlayan Batı kökenli alıntılar, ünsüzler arasına ünlü konulmadan yazılır.",
        "color": "purple"
    },
    "B-rule_10": {
        "title": "KURAL-10",
        "exp": "Aynı sözcükten oluşan ikilemeler ayrı yazılır.",
        "color": "orange"
    },
    "B-rule_11": {
        "title": "KURAL-11",
        "exp": "Soru eki olan mı, mi, mu, mü ayrı yazılır.",
        "color": "green"
    },
    "B-rule_12": {
        "title": "KURAL-12",
        "exp": "A / e, ecek / ecek, eyim / eyim, elim / elim, en / en vb. eklerden önce gelen ünlü veya ekin geniş ünlüsü söyleyişe bakılmaksızın a / e ile yazılır.",
        "color": "orange"
    },
    "B-rule_13": {
        "title": "KURAL-13",
        "exp": "İki heceli bazı kelimeler ünlüyle başlayan bir ek aldıklarında ikinci hecelerindeki dar ünlüler düşer.",
        "color": "pink"
    },
    "B-rule_14": {
        "title": "KURAL-14",
        "exp": "İçeri, dışarı, ileri, şura, bura, ora, yukarı, aşağı gibi sözler ek aldıklarında sonlarında bulunan ünlüler düşmez.",
        "color": "pink"
    },
    "B-rule_15": {
        "title": "KURAL-15",
        "exp": "Alıntı kelimeler ünlü ile başlayan bir ek aldıklarında kelime sonlarındaki sert ünsüzler yumuşar.",
        "color": "purple"
    },
    "B-rule_16": {
        "title": "KURAL-16",
        "exp": "Bazı alıntı kelimelerde yumuşama olmaz: ahlak / ahlakın, cumhuriyet / cumhuriyete, evrak / evrakı, hukuk / hukuku, ittifak / ittifaka, sepet / sepeti, tank / tankı vb.",
        "color": "purple"
    },
    "B-rule_17": {
        "title": "KURAL-17",
        "exp": "Etmek, edilmek, eylemek, olmak, olunmak yardımcı fiilleriyle kurulan birleşik fiiller, ilk kelimesinde herhangi bir ses düşmesi veya türemesine uğramazsa ayrı yazılır.",
        "color": "blue"
    },
    "B-rule_18": {
        "title": "KURAL-18",
        "exp": "Özgün biçimleri tek heceli bazı Arapça kökenli kelimeler yardımcı fiilleriyle birleşirken ses düşmesine, ses değişmesine veya ses türemesine uğradıklarında bitişik yazılır.",
        "color": "blue"
    },
    "B-rule_19": {
        "title": "KURAL-19",
        "exp": "Kelimelerden her ikisi veya ikincisi, birleşme sırasında anlam değişmesine uğradığında bu tür birleşik kelimeler bitişik yazılır.",
        "color": "turquoise"
    },
    "B-rule_20": {
        "title": "KURAL-20",
        "exp": "-A, -e, -ı, -i, -u, -ü zarf-fiil ekleriyle bilmek, vermek, kalmak, durmak, gelmek ve yazmak fiilleriyle yapılan tasvirî fiiller bitişik yazılır.",
        "color": "turquoise"
    },
    "B-rule_21": {
        "title": "KURAL-21",
        "exp": "Hane, name, zade kelimeleriyle oluşturulan birleşik kelimeler bitişik yazılır.",
        "color": "turquoise"
    },
    "B-rule_22": {
        "title": "KURAL-22",
        "exp": "Biraz, birçok, birçoğu, birkaç, birkaçı, birtakım, herhangi, hiçbir, hiçbiri belirsizlik sıfat ve zamirleri de gelenekleşmiş olarak bitişik yazılır.",
        "color": "orange"
    },
    "B-rule_23": {
        "title": "KURAL-23",
        "exp": "Cümle başında bulunan kelimenin ilk harfi büyük harfle yazılır.",
        "color": "orange"
    },
    "B-rule_24": {
        "title": "KURAL-24",
        "exp": "Arapça ve Farsçadan dilimize giren birtakım kelimelerle özel adlarda bulunan ince g, k ünsüzlerinden sonra gelen a ve u ünlüleri üzerine konur.",
        "color": "orange"
    },
    "B-rule_25": {
        "title": "KURAL-25",
        "exp": "not defined",
        "color": "orange"
    },
    "B-rule_26": {
        "title": "KURAL-26",
        "exp": "Cümle büyük harfle başlar ve bir cümledeki kelimeler arasında boşluk bırakılmalıdır.",
        "color": "salmon"
    },
    "B-rule_27": {
        "title": "KURAL-27",
        "exp": "Özel isimler büyük harfle yazılır.",
        "color": "salmon"
    },
    "B-rule_28": {
        "title": "KURAL-28",
        "exp": "Yazım yanlışı.",
        "color": "salmon"
    }
}